{"train_loss": 0.0850558952804126, "val_loss": 0.08709016155871512, "gen_mse": 0.8976284861564636, "learning_rate": 5e-06, "_timestamp": 1744028982.3601172, "_runtime": 11360.942399263382, "_step": 119}