{"total train loss": 5.444544335483742, "train mse loss": 0.3019954123620405, "train rd loss": 5.142548922780921, "total val loss": 5.026788692141688, "IQ val loss": 0.26095385776919333, "RD val loss": 4.765834820478461, "MSE between denoised RD and clean RD": 5239.24609375, "MSE between denoised IQ and clean IQ": 1.5069500207901, "generated IQ map PSNR": 9.464362357260635, "learning rate": 0.0001, "_timestamp": 1744192664.6785364, "_runtime": 377.4726095199585, "_step": 0}