{"total train loss": 11.95607919549549, "train mse loss": 0.04690233870623298, "train rd loss": 11.909176847004073, "total val loss": 10.837289939475784, "IQ val loss": 0.04513875745896109, "RD val loss": 10.792151162790697, "MSE between denoised RD and clean RD": 4482.513671875, "MSE between denoised IQ and clean IQ": 1.2311904430389404, "generated IQ map PSNR": 10.340696338145424, "learning rate": 0.0001, "_timestamp": 1744183814.6599329, "_runtime": 5073.607048749924, "_step": 41}