{"total_train_loss": 0.48936073757261644, "val_loss": 196292529.44793558, "gen_mse": 1313.631591796875, "train_mse_loss": 858.6260230839252, "train_rd_loss": 823796217226.8359, "val_rd_mse": 5070246.0, "PSNR": -19.084279571653184, "learning_rate": 1e-05, "_timestamp": 1744032155.842748, "_runtime": 802.156996011734, "_step": 3}