{"total train loss": 0.03369883454061927, "train mse loss": NaN, "train rd loss": NaN, "total val loss": 0.034038918401279594, "IQ val loss": NaN, "RD val loss": NaN, "MSE between denoised RD and clean RD": 284.21026611328125, "MSE between denoised IQ and clean IQ": 0.07626426219940186, "generated IQ map PSNR": 11.493477151171474, "learning rate": 2.5e-05, "_timestamp": 1744542232.5042913, "_runtime": 8808.328859329224, "_step": 96}