{"MSE between denoised IQ and clean IQ":0.005442044697701931,"_wandb":{"runtime":34651},"_step":399,"total val loss":0.010939532875504695,"train mse loss":NaN,"_timestamp":1.7446971228621607e+09,"_runtime":34643.102349453,"IQ val loss":NaN,"RD val loss":NaN,"learning rate":1e-06,"total train loss":0.011571356646414196,"train rd loss":NaN,"generated IQ map PSNR":34.229080338240486}