{"total train loss": 3.2796068665348836, "train mse loss": 0.18507770308872568, "train rd loss": 3.0945291647198867, "total val loss": 3.0877236489119917, "IQ val loss": 0.185195428828254, "RD val loss": 2.9025282244696173, "MSE between denoised RD and clean RD": 4176759.25, "MSE between denoised IQ and clean IQ": 1071.0516357421875, "generated IQ map PSNR": -18.530684273581628, "learning rate": 0.0001, "_timestamp": 1744207595.4681044, "_runtime": 14910.73457145691, "_step": 87}