{"total train loss": 3.0559085489290267, "train mse loss": 0.18555525007618157, "train rd loss": 2.870353299784168, "total val loss": 2.9641615989249805, "IQ val loss": 0.17652477727300042, "RD val loss": 2.7876368240388327, "MSE between denoised RD and clean RD": 321732.46875, "MSE between denoised IQ and clean IQ": 83.14346313476562, "generated IQ map PSNR": -7.430861285521647, "learning rate": 0.0001, "_timestamp": 1744219710.2560976, "_runtime": 27025.522564649582, "_step": 163}