{"total train loss": 0.18215334086384735, "train mse loss": 0.07337650728882375, "train rd loss": 0.10877683356584718, "total val loss": 0.18161433251563805, "IQ val loss": 0.07244151920518603, "RD val loss": 0.1091728127848487, "MSE between denoised RD and clean RD": 5895.87890625, "MSE between denoised IQ and clean IQ": 1.6765670776367188, "generated IQ map PSNR": 8.568195240325911, "learning rate": 1e-06, "_timestamp": 1744269532.5224092, "_runtime": 49617.17524313927, "_step": 297}