{"total_train_loss": 0.09647948941426626, "val_loss": 0.6867732558139535, "gen_mse": 1.3376708030700684, "train_mse_loss": 331.6964845089242, "train_rd_loss": 2570.625, "val_rd_mse": 4955.8232421875, "PSNR": 10.038234260127508, "learning_rate": 5e-06, "_timestamp": 1744128583.6403801, "_runtime": 3141.554069042206, "_step": 15}