{"epoch": 1, "train_loss": 0.9676685824719342, "val_loss": 0.9484132079644637, "sample_mse": 1121505152.0, "sample_psnr": -54.20302720211289, "lr": 0.0001, "_timestamp": 1745325272.9817793, "_runtime": 460.9012773036957, "_step": 0}