{"train_loss": 852141.1678525321, "val_loss": 628124.1812478221, "gen_mse": 288.1805419921875, "learning_rate": 1e-05, "_timestamp": 1744017603.9372182, "_runtime": 351.7483751773834, "_step": 1}