{"epoch": 4, "train_loss": 0.9999793739318847, "val_loss": 0.9997400095246055, "sample_mse": 1211117952.0, "sample_psnr": -54.15091729638716, "lr": 0.0001, "_timestamp": 1745324309.437853, "_runtime": 1822.1778631210327, "_step": 3}