{"total train loss": 71.02816269216044, "train mse loss": 0.043942238860346435, "train rd loss": 70.98422047702152, "total val loss": 7.026038198235383, "IQ val loss": 0.04566028634685926, "RD val loss": 6.980377906976744, "MSE between denoised RD and clean RD": 2182.634033203125, "MSE between denoised IQ and clean IQ": 0.5959955453872681, "generated IQ map PSNR": 13.404382640324704, "learning rate": 0.0001, "_timestamp": 1744191925.615765, "_runtime": 7584.2715899944305, "_step": 63}