{"total train loss": 0.021382236073763945, "train mse loss": NaN, "train rd loss": NaN, "total val loss": 0.02275060078798815, "IQ val loss": NaN, "RD val loss": NaN, "MSE between denoised RD and clean RD": 209.43865966796875, "MSE between denoised IQ and clean IQ": 0.06212329491972923, "generated IQ map PSNR": 12.759514261766007, "learning rate": 1e-06, "_timestamp": 1744578132.859921, "_runtime": 35869.94342589378, "_step": 399}