{"total train loss": 0.31875555089541846, "train mse loss": 0.31875555089541846, "train rd loss": 0.25, "total val loss": 0.4119131602346897, "IQ val loss": 0.2556631602346897, "RD val loss": 0.15625, "MSE between denoised RD and clean RD": 22611521536.0, "MSE between denoised IQ and clean IQ": 5440643.0, "generated IQ map PSNR": -56.555456332733556, "learning rate": 0.0001, "_timestamp": 1744130033.0553057, "_runtime": 29.4156436920166, "_step": 1}