{"total train loss": 1.6233440094685072, "train mse loss": 0.03357524781334423, "train rd loss": 1.5897687609075044, "total val loss": 1.623378964985107, "IQ val loss": 0.03180919618619576, "RD val loss": 1.5915697674418605, "MSE between denoised RD and clean RD": 1138.1666259765625, "MSE between denoised IQ and clean IQ": 0.3097001016139984, "generated IQ map PSNR": 16.597457417422877, "learning rate": 0.0001, "_timestamp": 1744178404.440614, "_runtime": 36697.11387991905, "_step": 320}