{"total_train_loss": 0.06554034329182021, "val_loss": 1371716.810750562, "gen_mse": 1.0191434621810913, "train_mse_loss": 220.7181956935674, "train_rd_loss": 4609504770.084595, "val_rd_mse": 3447.33935546875, "PSNR": 11.538640089953947, "learning_rate": 1e-07, "_timestamp": 1744115114.7116039, "_runtime": 69268.46599197388, "_step": 441}