{"total train loss": 0.2352353687797274, "train mse loss": NaN, "train rd loss": NaN, "total val loss": 0.1584836021065712, "IQ val loss": NaN, "RD val loss": NaN, "MSE between denoised RD and clean RD": 265900768.0, "MSE between denoised IQ and clean IQ": 64405.6875, "generated IQ map PSNR": -37.02011424395567, "learning rate": 0.0001, "_timestamp": 1744359703.8133914, "_runtime": 250.31199049949646, "_step": 3}