{"epoch": 164, "train_loss": 0.7836064460277558, "val_loss": 0.7837548132376237, "sample_mse": 787006720.0, "sample_psnr": -52.66479887891563, "lr": 0.0001, "_timestamp": 1745396016.6691453, "_runtime": 70709.23668336868, "_step": 163}