{"total train loss": 0.04007381312702168, "train mse loss": 0.040073811899649314, "train rd loss": 1.4287012798138452, "total val loss": 1.4759464050361584, "IQ val loss": 0.04062663876386576, "RD val loss": 1.4353197674418605, "MSE between denoised RD and clean RD": 2454.017578125, "MSE between denoised IQ and clean IQ": 0.6831468939781189, "generated IQ map PSNR": 13.549341300237646, "learning rate": 0.0001, "_timestamp": 1744141469.089654, "_runtime": 10951.068047046661, "_step": 94}