{"total_train_loss": 0.07092670790611107, "val_loss": 0.08321220930232558, "gen_mse": 0.8625693321228027, "train_mse_loss": 243.84602178120986, "train_rd_loss": 293.25, "val_rd_mse": 2905.680419921875, "PSNR": 12.244505179378109, "learning_rate": 1.25e-06, "_timestamp": 1744125160.1539822, "_runtime": 5691.945052146912, "_step": 48}