{"total train loss": 0.19143097570964268, "train mse loss": 0.19143097570964268, "train rd loss": 0.25, "total val loss": 0.291540440171957, "IQ val loss": 0.13529044017195702, "RD val loss": 0.15625, "MSE between denoised RD and clean RD": 27827516.0, "MSE between denoised IQ and clean IQ": 7108.361328125, "generated IQ map PSNR": -27.358182777737948, "learning rate": 0.0001, "_timestamp": 1744130471.0451531, "_runtime": 203.28214621543884, "_step": 14}