{"total train loss": 7.786394800458636, "train mse loss": 0.7994024259703499, "train rd loss": 6.986992372785296, "total val loss": 8.32153034210205, "IQ val loss": 0.5672203004360199, "RD val loss": 7.754309892654419, "MSE between denoised RD and clean RD": 1478156353536.0, "MSE between denoised IQ and clean IQ": 356039936.0, "generated IQ map PSNR": -74.03107661751399, "learning rate": 0.0001, "_timestamp": 1744192258.0917118, "_runtime": 18.673088788986206, "_step": 0}